rho,adv_lambda,seed,overlap,bio_recovery,bio_recovery_shared,batch_removed,source_leakage,ilisi,off_manifold_latent
0.05,0.0,0,0.05,0.9991021156311035,0.433910608291626,0.053999999999999826,0.9730000000000001,0.0491962069749019,27.55838498735348
0.05,0.3,0,0.05,0.9991014003753662,0.44177883863449097,0.05266666666666664,0.9736666666666667,0.05138954229947457,28.342987678099032
0.05,1.0,0,0.05,0.9990936517715454,0.43633872270584106,0.053999999999999826,0.9730000000000001,0.05490820607544511,28.451436336493416
0.05,3.0,0,0.05,0.9990271329879761,0.31198346614837646,0.06899999999999995,0.9655,0.06986407446243414,28.336527046068937
0.05,10.0,0,0.05,0.9989041090011597,0.18253666162490845,0.058666666666666645,0.9706666666666667,0.06252645595536777,30.241714214590267
0.05,30.0,0,0.05,0.9986782670021057,0.23119747638702393,0.05366666666666653,0.9731666666666667,0.061528426610803155,20.872091269257385
0.05,100.0,0,0.05,0.9981369972229004,0.3866869807243347,0.043333333333333446,0.9783333333333333,0.044568108147094776,44.16558106818525
0.05,0.0,1,0.05,0.9991450905799866,0.47430914640426636,0.045333333333333226,0.9773333333333334,0.04805350993952051,33.48736190568726
0.05,0.3,1,0.05,0.9991482496261597,0.4783529043197632,0.04800000000000004,0.976,0.04973873177850363,35.768938640458906
0.05,1.0,1,0.05,0.9991469979286194,0.45766788721084595,0.051000000000000156,0.9744999999999999,0.052993232606240115,34.40388011797381
0.05,3.0,1,0.05,0.9990918636322021,0.3870377540588379,0.05233333333333334,0.9738333333333333,0.057607572194509515,31.768279531748888
0.05,10.0,1,0.05,0.9977742433547974,0.10511243343353271,0.04933333333333323,0.9753333333333334,0.05151650612930836,60.300640353066555
0.05,30.0,1,0.05,0.9968909621238708,0.21905767917633057,0.05033333333333312,0.9748333333333334,0.056677046498111894,37.70332966834558
0.05,100.0,1,0.05,0.9940205812454224,0.3534148931503296,0.050000000000000044,0.975,0.04869065362805447,45.080083511379506
0.05,0.0,2,0.05,0.9990379214286804,0.3713805675506592,0.05566666666666675,0.9721666666666666,0.05324730916095244,27.80141128252758
0.05,0.3,2,0.05,0.9990057349205017,0.3609731197357178,0.057333333333333236,0.9713333333333334,0.05623429479117514,27.885535426158377
0.05,1.0,2,0.05,0.9990203976631165,0.3495468497276306,0.05666666666666664,0.9716666666666667,0.05908480144720185,27.31571196241196
0.05,3.0,2,0.05,0.9989749789237976,0.29640185832977295,0.07333333333333325,0.9633333333333334,0.07118481594873138,25.927596400749067
0.05,10.0,2,0.05,0.9989001750946045,0.2868660092353821,0.06099999999999994,0.9695,0.0627613282082724,32.577015010348326
0.05,30.0,2,0.05,0.994552493095398,0.08496534824371338,0.08333333333333348,0.9583333333333333,0.08313125990202863,57.751965659459685
0.05,100.0,2,0.05,0.9956179261207581,-0.007430076599121094,0.08966666666666656,0.9551666666666667,0.09740713251039179,12.299504633658684
0.15,0.0,0,0.15,0.9990954995155334,0.8961692452430725,0.14966666666666661,0.9251666666666667,0.14338365597305747,24.31391269218397
0.15,0.3,0,0.15,0.9990919828414917,0.8948386907577515,0.1499999999999999,0.925,0.1443569224411143,23.94795959072129
0.15,1.0,0,0.15,0.9990904331207275,0.8946621417999268,0.15233333333333343,0.9238333333333333,0.14806254304363597,22.90094291674874
0.15,3.0,0,0.15,0.9990620613098145,0.8806983828544617,0.14866666666666672,0.9256666666666666,0.1489180771046823,21.924244029142397
0.15,10.0,0,0.15,0.9987251162528992,0.7925654053688049,0.16966666666666663,0.9151666666666667,0.17293153450348386,19.908785342688528
0.15,30.0,0,0.15,0.9984878301620483,0.7403705716133118,0.1629999999999998,0.9185000000000001,0.16398058404907534,18.180863671207412
0.15,100.0,0,0.15,0.9972862005233765,0.6202268004417419,0.15600000000000014,0.9219999999999999,0.16611931256002754,23.82421623051175
0.15,0.0,1,0.15,0.9991365671157837,0.8925056457519531,0.15133333333333332,0.9243333333333333,0.14138610612838942,28.720695771362145
0.15,0.3,1,0.15,0.9991243481636047,0.8942632675170898,0.14833333333333343,0.9258333333333333,0.14241363949345787,26.856730596439757
0.15,1.0,1,0.15,0.9991226196289062,0.8963819146156311,0.1379999999999999,0.931,0.13848487379547314,26.321877491209044
0.15,3.0,1,0.15,0.9990641474723816,0.8868130445480347,0.11733333333333329,0.9413333333333334,0.13303102451946747,26.009181484091282
0.15,10.0,1,0.15,0.9989141225814819,0.858893871307373,0.15133333333333332,0.9243333333333333,0.15055106208834568,33.2206464699015
0.15,30.0,1,0.15,0.9984936118125916,0.7005248069763184,0.139,0.9305,0.14136587633251585,12.440862843938614
0.15,100.0,1,0.15,0.9977655410766602,0.5316637754440308,0.1323333333333334,0.9338333333333333,0.13832607930159146,19.181723541888086
0.15,0.0,2,0.15,0.999099612236023,0.8918702006340027,0.1629999999999998,0.9185000000000001,0.15540310413055725,24.273898832225647
0.15,0.3,2,0.15,0.9991016983985901,0.8869730234146118,0.16366666666666685,0.9181666666666666,0.15605496930612084,24.69390372006525
0.15,1.0,2,0.15,0.9991065263748169,0.8858771324157715,0.16266666666666674,0.9186666666666666,0.15659959166613402,22.66419911712707
0.15,3.0,2,0.15,0.9990710616111755,0.874923050403595,0.1546666666666665,0.9226666666666667,0.1574042087646219,20.012070306745997
0.15,10.0,2,0.15,0.9987761974334717,0.8376220464706421,0.17500000000000004,0.9125,0.16488243787425705,37.51579277564679
0.15,30.0,2,0.15,0.9985477328300476,0.8329946398735046,0.12766666666666682,0.9361666666666666,0.13427847525376557,29.31444155552523
0.15,100.0,2,0.15,0.9976356625556946,0.7036765813827515,0.18466666666666676,0.9076666666666666,0.1816296551089518,24.357751230871354
0.25,0.0,0,0.25,0.9990909099578857,0.9634386897087097,0.2469999999999999,0.8765000000000001,0.24035510720363118,17.908480191854242
0.25,0.3,0,0.25,0.9990900754928589,0.9626513719558716,0.2526666666666668,0.8736666666666666,0.2388560861233946,17.330987556724633
0.25,1.0,0,0.25,0.9990807175636292,0.9632240533828735,0.2676666666666667,0.8661666666666666,0.24074803402616718,16.911394601628416
0.25,3.0,0,0.25,0.9990682005882263,0.9626333713531494,0.2453333333333334,0.8773333333333333,0.24085659732554565,13.256064674927032
0.25,10.0,0,0.25,0.998873233795166,0.9468820691108704,0.2683333333333333,0.8658333333333333,0.2557110179188846,14.448272768846657
0.25,30.0,0,0.25,0.9985671043395996,0.9314191937446594,0.23199999999999998,0.884,0.23173605451603962,21.290519776085485
0.25,100.0,0,0.25,0.9928498268127441,0.6627087593078613,0.22133333333333338,0.8893333333333333,0.23218975454964919,15.660658496801412
0.25,0.0,1,0.25,0.9991461038589478,0.964462399482727,0.2293333333333334,0.8853333333333333,0.23247764064426124,21.89637817501488
0.25,0.3,1,0.25,0.9991425275802612,0.9639539122581482,0.23833333333333329,0.8808333333333334,0.23365998869152182,21.720469041090976
0.25,1.0,1,0.25,0.9991258978843689,0.9651147127151489,0.23466666666666658,0.8826666666666667,0.2336943702997809,21.35170903099517
0.25,3.0,1,0.25,0.9990652203559875,0.9608872532844543,0.20966666666666667,0.8951666666666667,0.22801148459731357,19.566545483340313
0.25,10.0,1,0.25,0.9989148378372192,0.9495351910591125,0.24299999999999988,0.8785000000000001,0.2468388032590667,15.161034489722146
0.25,30.0,1,0.25,0.9985041618347168,0.9218923449516296,0.2293333333333334,0.8853333333333333,0.22754691658921544,17.000878037991747
0.25,100.0,1,0.25,0.9981732964515686,0.943265974521637,0.16733333333333333,0.9163333333333333,0.19136628815925905,19.95911416914714
0.25,0.0,2,0.25,0.9991047978401184,0.9608706831932068,0.254,0.873,0.2459125974669183,16.819958017689714
0.25,0.3,2,0.25,0.9991074204444885,0.9606610536575317,0.2556666666666667,0.8721666666666666,0.24770984832900345,15.928473660857941
0.25,1.0,2,0.25,0.9991018176078796,0.9606823921203613,0.2596666666666667,0.8701666666666666,0.25040180981547056,14.997716543035471
0.25,3.0,2,0.25,0.99906325340271,0.958214282989502,0.24833333333333352,0.8758333333333332,0.2453146908909558,14.873325565302109
0.25,10.0,2,0.25,0.9987784624099731,0.9423844218254089,0.2633333333333332,0.8683333333333334,0.257019924707816,14.672201122457263
0.25,30.0,2,0.25,0.9976992011070251,0.9242532849311829,0.2450000000000001,0.8775,0.2540751952932465,19.399926022566124
0.25,100.0,2,0.25,0.9984548091888428,0.9108009338378906,0.2536666666666667,0.8731666666666666,0.25032403101163836,28.528380455104863
0.35,0.0,0,0.35,0.9991068840026855,0.9846011400222778,0.351,0.8245,0.33576716458179967,11.692819288041605
0.35,0.3,0,0.35,0.9990965723991394,0.9845828413963318,0.34766666666666657,0.8261666666666667,0.33705614193250155,11.441722277677929
0.35,1.0,0,0.35,0.9990816116333008,0.9846609830856323,0.34833333333333316,0.8258333333333334,0.3364397793118292,12.394035458434026
0.35,3.0,0,0.35,0.999064028263092,0.9841743111610413,0.3443333333333334,0.8278333333333333,0.3355426216853017,11.466227217540428
0.35,10.0,0,0.35,0.9989630579948425,0.9812722206115723,0.3416666666666668,0.8291666666666666,0.33820329605000454,8.734343970384387
0.35,30.0,0,0.35,0.9979885220527649,0.9541137218475342,0.30933333333333346,0.8453333333333333,0.31439897907300574,20.13594388346695
0.35,100.0,0,0.35,0.9934380054473877,0.8795947432518005,0.30166666666666675,0.8491666666666666,0.30466311334282525,22.108732389282377
0.35,0.0,1,0.35,0.9991210103034973,0.9826608300209045,0.33699999999999997,0.8315,0.32515235178471946,16.70294023203147
0.35,0.3,1,0.35,0.999099612236023,0.9816602468490601,0.33999999999999986,0.8300000000000001,0.3261712644620891,14.780787923357229
0.35,1.0,1,0.35,0.9991045594215393,0.9827828407287598,0.3606666666666667,0.8196666666666667,0.32916549535685347,14.498595838705407
0.35,3.0,1,0.35,0.9990448355674744,0.982398271560669,0.3440000000000001,0.828,0.3273878968930304,12.349416163186202
0.35,10.0,1,0.35,0.9987749457359314,0.976169764995575,0.30699999999999994,0.8465,0.31652562562087083,12.052821428876811
0.35,30.0,1,0.35,0.998096227645874,0.959152102470398,0.2536666666666667,0.8731666666666666,0.2759718449311359,11.140239390060875
0.35,100.0,1,0.35,0.9978649616241455,0.9486165046691895,0.3373333333333335,0.8313333333333333,0.3268079703141147,13.188681364561075
0.35,0.0,2,0.35,0.999086320400238,0.9841912984848022,0.3533333333333335,0.8233333333333333,0.34382388127207264,11.696513042451777
0.35,0.3,2,0.35,0.9991100430488586,0.9841716289520264,0.363,0.8185,0.3480403864458921,9.033104808654636
0.35,1.0,2,0.35,0.9991024732589722,0.9836912751197815,0.3676666666666666,0.8161666666666667,0.3438241472455268,11.29025470811197
0.35,3.0,2,0.35,0.9990713000297546,0.9838381409645081,0.3530000000000002,0.8234999999999999,0.34626693991269675,10.071860843598603
0.35,10.0,2,0.35,0.9989261627197266,0.9796226620674133,0.3700000000000001,0.815,0.3573089869992152,11.20573540710796
0.35,30.0,2,0.35,0.9982509613037109,0.966790497303009,0.3400000000000001,0.83,0.34802332802214186,15.681451730705346
0.35,100.0,2,0.35,0.9936608672142029,0.9097327589988708,0.32133333333333347,0.8393333333333333,0.3113250022028804,12.794089688043197
0.6,0.0,0,0.6,0.999151885509491,0.9964947700500488,0.5936666666666666,0.7031666666666667,0.5624133155765492,1.1406504859524116
0.6,0.3,0,0.6,0.9991523027420044,0.9964998960494995,0.5900000000000001,0.705,0.5618860381482045,1.1642360612272897
0.6,1.0,0,0.6,0.9991565942764282,0.9965232014656067,0.5146666666666668,0.7426666666666666,0.5395019703021027,1.2411809479085145
0.6,3.0,0,0.6,0.999125063419342,0.9964748024940491,0.5696666666666665,0.7151666666666667,0.5625560716301512,1.2505077494963144
0.6,10.0,0,0.6,0.9988194704055786,0.995811402797699,0.5866666666666667,0.7066666666666667,0.5598244841882591,1.3072127185528037
0.6,30.0,0,0.6,0.9980145692825317,0.9932818412780762,0.5963333333333334,0.7018333333333333,0.5675603564245981,1.5618298166091702
