arm,rho,delta,seed,n,learned_mcc,learned_mcc_spearman,learned_cca,learned_mcc_band,n_band,oracle_sigma,oracle_mcc,oracle_mcc_spearman,oracle_cca,gap_mcc,gap_mcc_spearman,kl_total,kl_min,active_units,recon_nats,posterior_collapse,deterministic_ae
ivae_5env,1.0,0.0,0,2000,0.909321574114125,0.9245813183953262,0.961176549116245,0.909321574114125,4000,0.289306640625,0.9611194485176108,0.9611678957919704,0.9611195736311132,0.0517978744034858,0.036586577396644,6.038243770599365,2.792964458465576,2,1366.7232666015625,False,False
ivae_5env,1.0,0.0,1,2000,0.8466753005928134,0.8473720645930128,0.9935359085684368,0.8466753005928134,4000,0.114501953125,0.9935402662508248,0.9933793763448404,0.9935350362216114,0.1468649656580113,0.1460073117518276,6.09687089920044,2.959983587265014,2,1365.2669677734375,False,False
ivae_5env,1.0,0.0,2,2000,0.8782441242671635,0.8809800402450068,0.994003914764339,0.8782441242671635,4000,0.110107421875,0.9940038488207534,0.993805791201444,0.9940076812731616,0.1157597245535899,0.1128257509564373,6.116307735443115,2.9902193546295166,2,1363.9874267578125,False,False
ivae_5env,1.0,0.0,3,2000,0.9606504604194648,0.9640060945015202,0.9937010680369184,0.9606504604194648,4000,0.114990234375,0.993707001430152,0.993541686885418,0.9937064971579312,0.0330565410106873,0.0295355923838979,5.951949119567871,2.8614001274108887,2,1365.72314453125,False,False
ivae_5env,1.0,0.0,4,2000,0.928229635062179,0.9318412737103152,0.9936763695420484,0.928229635062179,4000,0.111572265625,0.9936795810682876,0.9934645846161424,0.9936760440026816,0.0654499460061086,0.0616233109058274,6.027767658233643,2.924962520599365,2,1365.191650390625,False,False
ivae_5env,1.0,2.0,0,2000,0.4644716898752212,0.4841271077817752,0.4695858712064212,0.4644716898752212,4000,1.930419921875,0.4694363922107374,0.4610123502530859,0.4695871580438759,0.0049647023355162,-0.0231147575286892,6.552806854248047,3.1420910358428955,2,1049.7054443359375,False,False
ivae_5env,1.0,2.0,1,2000,0.6487524253778019,0.6617798614449628,0.6797221010785981,0.6487524253778019,4000,1.098388671875,0.6800754479982107,0.6791349077837243,0.6797199684821997,0.0313230226204088,0.0173550463387615,6.747604370117188,3.106534957885742,2,1048.87451171875,False,False
ivae_5env,1.0,2.0,2,2000,0.4479318987535992,0.451325782831444,0.5143554589343856,0.4479318987535992,4000,1.679443359375,0.5142973883620867,0.5084389683597405,0.5143890778612126,0.0663654896084874,0.0571131855282964,6.576763153076172,2.795740127563477,2,1047.7977294921875,False,False
ivae_5env,1.0,2.0,3,2000,0.4395068182510491,0.4712390895597707,0.4576760951689901,0.4395068182510491,4000,2.073974609375,0.4577114107172367,0.4500728730182165,0.4576915844884862,0.0182045924661876,-0.0211662165415541,6.608811378479004,3.13016676902771,2,1047.9847412109375,False,False
ivae_5env,1.0,2.0,4,2000,0.437744587064824,0.4833446175861525,0.4470137761129088,0.437744587064824,4000,2.046630859375,0.4473173804735055,0.4358418204604534,0.4469790425952061,0.0095727934086815,-0.0475027971256991,6.661462783813477,3.26637864112854,2,1048.3714599609375,False,False
ivae_5env,0.8,0.0,0,2000,0.985021835061281,0.9918326352081552,0.9897030498007644,0.9877446880044471,3172,0.144775390625,0.989683108291112,0.989484314871075,0.9896800507032476,0.0046612732298308,-0.0023483203370802,5.941322326660156,2.814412832260132,2,1365.8544921875,False,False
ivae_5env,0.8,0.0,1,2000,0.886093862464013,0.8914355288588792,0.9928109767675126,0.8753515395618757,3230,0.121826171875,0.9928070923670996,0.992542910135724,0.9927957375704244,0.1067132299030865,0.1011073812768447,6.075187683105469,2.930133819580078,2,1366.24609375,False,False
ivae_5env,0.8,0.0,2,2000,0.8763998288443529,0.8791455105363746,0.9945295391136514,0.8615116469594383,3183,0.104736328125,0.9945071646017356,0.9944586048646477,0.994513182018084,0.1181073357573828,0.1153130943282729,6.123091697692871,2.978655338287353,2,1365.2750244140625,False,False
ivae_5env,0.8,0.0,3,2000,0.9793513253916778,0.9804082363520557,0.9937629547585248,0.9738745858746044,3171,0.114013671875,0.9937813512398256,0.9936667291666784,0.9937821762518476,0.0144300258481476,0.0132584928146227,6.037151336669922,2.883376359939575,2,1367.2706298828125,False,False
ivae_5env,0.8,0.0,4,2000,0.9497508480983846,0.9558780919695196,0.9916386971859392,0.9377534130382468,3178,0.129150390625,0.9916539791396636,0.9914168966042204,0.9916424137859108,0.0419031310412788,0.0355388046347009,6.012927055358887,2.884169101715088,2,1364.27001953125,False,False
ivae_5env,0.8,2.0,0,2000,0.6200296222669357,0.6097192621798133,0.640032979988698,0.5847732739629686,3172,1.194091796875,0.6400848548296878,0.6346682486670598,0.6400504703075506,0.0200552325627521,0.0249489864872465,6.70149040222168,3.328067779541016,2,1045.955078125,False,False
ivae_5env,0.8,2.0,1,2000,0.4066907648255656,0.4318920832230192,0.4828705265347608,0.3126595600185827,3230,1.893310546875,0.4833528660652811,0.4780120787530179,0.4829059341246139,0.0766621012397155,0.0461199955299986,6.585103988647461,3.1258203983306885,2,1043.7506103515625,False,False
ivae_5env,0.8,2.0,2,2000,0.5628260224263855,0.5769056184764025,0.6829433915830784,0.5538579329690629,3183,1.064208984375,0.6829653770520688,0.6807792066947993,0.6829316173138734,0.1201393546256833,0.1038735882183967,6.780282020568848,3.155609607696533,2,1042.289794921875,False,False
ivae_5env,0.8,2.0,3,2000,0.461357203816654,0.4595234041308494,0.4962535201619549,0.4486915403974041,3171,1.835693359375,0.4967564055505241,0.4903407490851856,0.4962898453613411,0.03539920173387,0.0308173449543361,6.53975772857666,2.9451358318328857,2,1043.682373046875,False,False
ivae_5env,0.8,2.0,4,2000,0.4488855119143344,0.4785022661255647,0.4545056285912331,0.4247569884090209,3178,1.976806640625,0.4550086718071687,0.4439599957399973,0.4544993479189451,0.0061231598928343,-0.0345422703855673,6.613539695739746,3.246384382247925,2,1041.0908203125,False,False
ivae_5env,0.6,0.0,0,2000,0.980337040252904,0.9913435000858716,0.9806169208455318,0.980134592030488,2400,0.200439453125,0.9806320710291884,0.9803974768493654,0.9806298159749888,0.0002950307762845,-0.010946023236506,5.982760429382324,2.767855167388916,2,1366.2620849609375,False,False
ivae_5env,0.6,0.0,1,2000,0.8229031866264076,0.8244075508518847,0.9938092155365296,0.7725831059937429,2427,0.112548828125,0.9938206489670678,0.993651366162838,0.9938022033290967,0.1709174623406602,0.1692438153109532,6.096977233886719,2.963250160217285,2,1366.6981201171875,False,False
ivae_5env,0.6,0.0,2,2000,0.9912926365275244,0.9957439086859734,0.9913152708357869,0.995147252000844,2401,0.132080078125,0.9913050011556754,0.9913690368422556,0.9913179810577162,1.2364628150907109e-05,-0.0043748718437176,6.026371955871582,2.9005579948425293,2,1365.5384521484375,False,False
ivae_5env,0.6,0.0,3,2000,0.9899831900009176,0.9919253284813284,0.9904899032498352,0.9912905145438414,2385,0.142333984375,0.990475794621614,0.9902745360686304,0.9904599805846632,0.0004926046206965,-0.001650792412698,5.97227144241333,2.8712470531463623,2,1367.888916015625,False,False
ivae_5env,0.6,0.0,4,2000,0.928523236088618,0.9317539009384715,0.9926481458708424,0.8656190523690405,2387,0.121337890625,0.9926383152633363,0.9924604003650964,0.9926241200348132,0.0641150791747183,0.0607064994266246,6.022592544555664,2.9361417293548584,2,1364.919921875,False,False
ivae_5env,0.6,2.0,0,2000,0.471302876672428,0.4660009622502389,0.6379337327805101,0.3875837080634544,2400,1.204345703125,0.6379361324209747,0.6326717624179383,0.637983421636468,0.1666332557485467,0.1666708001676994,6.289642333984375,2.916656017303467,2,1037.5308837890625,False,False
ivae_5env,0.6,2.0,1,2000,0.3993755442435133,0.4079949952487473,0.5166504514945434,0.2218367746523686,2427,1.744384765625,0.5173456522786598,0.5137697911924459,0.5166391797010452,0.1179701080351464,0.1057747959436986,6.58624267578125,3.052417278289795,2,1039.6593017578125,False,False
ivae_5env,0.6,2.0,2,2000,0.8713972084534454,0.8851207942801955,0.8726187734020332,0.647417072185981,2401,0.557373046875,0.8726678237117349,0.874095800523947,0.8725396653107946,0.0012706152582895,-0.0110249937562485,6.37615966796875,2.6996164321899414,2,1036.9871826171875,False,False
ivae_5env,0.6,2.0,3,2000,0.3670937738386608,0.3704626541156621,0.5232070733427356,0.3398888861876068,2385,1.737548828125,0.5237517827306275,0.5162940645735143,0.5232130774914506,0.1566580088919666,0.1458314104578522,6.473635673522949,2.897234916687012,2,1038.3914794921875,False,False
ivae_5env,0.6,2.0,4,2000,0.4965835034928673,0.5235676338919065,0.5908661889387806,0.3555318158492452,2387,1.383056640625,0.5913939998473838,0.5839459992364977,0.5908280394888997,0.0948104963545165,0.0603783653445911,6.433291435241699,3.0676369667053223,2,1036.419677734375,False,False
ivae_5env,0.4,0.0,0,2000,0.9597099011097204,0.9721223227805772,0.9775224834049544,0.8905062210403549,1601,0.215576171875,0.9775543382136066,0.9773691163422756,0.977557385378558,0.017844437103886,0.0052467935616983,6.0286970138549805,2.8013803958892822,2,1365.7757568359375,False,False
ivae_5env,0.4,0.0,1,2000,0.7196948004122745,0.7083409215852279,0.9946122665146904,0.6500283680749532,1614,0.104736328125,0.9946333889102688,0.9945194561298604,0.9946170671391252,0.2749385884979942,0.2861785345446324,6.065610885620117,2.996807336807251,2,1366.318603515625,False,False
ivae_5env,0.4,0.0,2,2000,0.9765676298811578,0.9822457135614246,0.9918251782533908,0.9326392132450968,1636,0.127685546875,0.9918430311251958,0.9918921829730424,0.991848853749494,0.015275401244038,0.0096464694116176,6.106236457824707,2.9358928203582764,2,1365.7115478515625,False,False
ivae_5env,0.4,0.0,3,2000,0.7304215731744272,0.7243684548421112,0.9954837925952736,0.6298483297593451,1584,0.097412109375,0.9954667314879212,0.9953275723318896,0.9954665785691728,0.2650451583134939,0.2709591174897783,6.02592134475708,3.006446361541748,2,1367.44287109375,False,False
ivae_5env,0.4,0.0,4,2000,0.9113965733444486,0.9125959718989898,0.9937480505461784,0.7756692837359215,1601,0.111083984375,0.9937632867958603,0.9936623101655736,0.9937592666282066,0.0823667134514117,0.0810663382665839,5.991345882415772,2.909384727478028,2,1366.31884765625,False,False
ivae_5env,0.4,2.0,0,2000,0.7785333985850942,0.790724235431056,0.9414735446272466,0.6161814344514226,1601,0.358154296875,0.941424701715339,0.9411703782925912,0.9414252700738784,0.1628913031302448,0.1504461428615351,6.195767879486084,2.855086326599121,2,1031.976318359375,False,False
ivae_5env,0.4,2.0,1,2000,0.9306120208140072,0.93403333300833,0.9414023891386338,0.6794647173549757,1614,0.362548828125,0.9416381704569105,0.9416571381642812,0.9414219789408836,0.0110261496429031,0.0076238051559514,6.185708522796631,2.759275436401367,2,1034.3740234375,False,False
ivae_5env,0.4,2.0,2,2000,0.910722257952721,0.9226312091577992,0.9227663434865532,0.6441489629116189,1636,0.415283203125,0.9226563427451896,0.9241096417774072,0.922694911173236,0.0119340847924686,0.0014784326196082,6.125460147857666,2.5986664295196533,2,1032.884033203125,False,False
ivae_5env,0.4,2.0,3,2000,0.4933351102890101,0.498825075956267,0.5689067720568952,0.2387838032240782,1584,1.522705078125,0.5688955052176636,0.5629642227410536,0.5688769728737205,0.0755603949286534,0.0641391467847866,6.301019191741943,2.814107894897461,2,1033.396728515625,False,False
ivae_5env,0.4,2.0,4,2000,0.7955019311054299,0.7916397981599466,0.9326601510559328,0.5807798148975948,1601,0.385009765625,0.9326653290785568,0.9335982113995492,0.9326327986451028,0.1371633979731269,0.1419584132396025,6.277511596679688,3.0110034942626958,2,1033.4715576171875,False,False
ivae_5env,0.2,0.0,0,2000,0.9813660362425524,0.9881047330261796,0.9899088448442092,0.9036173418209162,838,0.142822265625,0.9899044437022612,0.9897467391866814,0.9899041156382796,0.008538407459709,0.0016420061605018,5.975977420806885,2.848430633544922,2,1367.9300537109375,False,False
ivae_5env,0.2,0.0,1,2000,0.7904700229138766,0.7878768087191993,0.9941525420240428,0.6406292973102314,814,0.109130859375,0.9941456335762162,0.9940510397627564,0.9941403949621992,0.2036756106623396,0.2061742310435571,6.06712818145752,2.965592384338379,2,1367.151611328125,False,False
ivae_5env,0.2,0.0,2,2000,0.9066829244140544,0.9123072923268196,0.9944866679452522,0.6322060185637106,827,0.104736328125,0.9944968907124764,0.994409398102346,0.994496663802552,0.087813966298422,0.0821021057755262,6.155782699584961,2.998534679412842,2,1364.611083984375,False,False
ivae_5env,0.2,0.0,3,2000,0.8109124930361519,0.8067939389484816,0.9951196261121162,0.634273605563783,798,0.100341796875,0.9951132992155804,0.995063423015852,0.9951131964120892,0.1842008061794285,0.1882694840673703,6.082309722900391,3.0010881423950195,2,1366.343017578125,False,False
ivae_5env,0.2,0.0,4,2000,0.934134493123069,0.9366114916528694,0.9930006107320468,0.6589634746953384,797,0.117919921875,0.992993701740828,0.9928658099664488,0.9929922668045932,0.0588592086177591,0.0562543183135793,6.003979682922363,2.9052248001098637,2,1366.0765380859375,False,False
ivae_5env,0.2,2.0,0,2000,0.6893403801572247,0.6955799721449906,0.9683161078979652,0.5212568116057732,838,0.257080078125,0.9683295316943704,0.9681665997916464,0.9683327266812144,0.2789891515371457,0.2725866276466558,6.1196393966674805,3.025284767150879,2,1031.0203857421875,False,False
ivae_5env,0.2,2.0,1,2000,0.9250129997685258,0.9272321880580436,0.9501361157600124,0.600905097653588,814,0.330322265625,0.9502692437381036,0.9505659666414884,0.9501494708913962,0.0252562439695777,0.0233337785834446,5.960057258605957,2.689474105834961,2,1031.6502685546875,False,False
ivae_5env,0.2,2.0,2,2000,0.9686516814412526,0.979893381473342,0.9722116274271422,0.5848535382074602,827,0.239501953125,0.9722108015232548,0.9724522426130572,0.9722137049703764,0.0035591200820023,-0.0074411388602848,6.094278335571289,2.6019790172576904,2,1029.1162109375,False,False
ivae_5env,0.2,2.0,3,2000,0.4770657414488771,0.4820132352533071,0.494697904177605,0.2322253905066525,798,1.823974609375,0.4947456633876513,0.4850460507615109,0.4947274603197821,0.0176799219387742,0.0030328155082038,6.211581230163574,2.8311421871185303,2,1028.8165283203125,False,False
ivae_5env,0.2,2.0,4,2000,0.9148113774293624,0.9227058071764483,0.97418768043048,0.5883265876554465,797,0.230224609375,0.9742309555602876,0.9741863127965746,0.974214204620871,0.0594195781309252,0.0514805056201261,6.004379749298096,2.6697030067443848,2,1029.3060302734375,False,False
ivae_5env,0.05,0.0,0,2000,0.9774448258008196,0.985476570369139,0.9885112731536017,,193,0.153076171875,0.9884786958803068,0.988265302066322,0.98847588790155,0.0110338700794871,0.0027887316971828,5.9579668045043945,2.8213744163513184,2,1366.6676025390625,False,False
ivae_5env,0.05,0.0,1,2000,0.8688637795438645,0.8704080908520195,0.9935065330248958,0.5259016779028928,209,0.114990234375,0.9935067757256536,0.9934025933506448,0.9934996994590212,0.1246429961817889,0.1229945024986253,6.090055465698242,2.940812826156616,2,1367.557861328125,False,False
ivae_5env,0.05,0.0,2,2000,0.7848390390055717,0.7805734103933497,0.996032164779422,,193,0.089111328125,0.9960236575614754,0.9959152199788016,0.9960242424915936,0.2111846185559036,0.2153418095854518,6.159783840179443,3.030524015426636,2,1364.739990234375,False,False
ivae_5env,0.05,0.0,3,2000,0.7572559494748254,0.7523589230897283,0.9927861703001148,0.501053376716642,210,0.122314453125,0.9927732057350652,0.9927399216849766,0.9927705796582256,0.2355172562602396,0.2403809985952483,6.035783290863037,2.9893994331359863,2,1366.32421875,False,False
ivae_5env,0.05,0.0,4,2000,0.9396499516887384,0.9434824788706162,0.9915677978895951,0.5129795733496152,210,0.129638671875,0.9915886264008484,0.99141065510266,0.9915851804647956,0.05193867471211,0.0479281762320438,6.034646034240723,2.91151762008667,2,1367.0748291015625,False,False
ivae_5env,0.05,2.0,0,2000,0.7003807012154986,0.7021049707762399,0.9797347750233274,,193,0.204345703125,0.9797368947091116,0.979551259137811,0.9797307485033432,0.279356193493613,0.2774462883615711,5.944202899932861,2.9525082111358643,2,1028.91259765625,False,False
ivae_5env,0.05,2.0,1,2000,0.8843989725336034,0.8904356481089087,0.9722025775603697,0.5117504038482984,209,0.241943359375,0.9722910453294508,0.9723178928294698,0.9722288087011376,0.0878920727958472,0.081882244720561,5.961371421813965,2.74487829208374,2,1030.8453369140625,False,False
ivae_5env,0.05,2.0,2,2000,0.9580625947351538,0.966657277664316,0.9789307957855408,,193,0.207763671875,0.9789488566961484,0.9789610719902644,0.9789532491823562,0.0208862619609945,0.0123037943259486,5.8732500076293945,2.6055259704589844,2,1028.1363525390625,False,False
ivae_5env,0.05,2.0,3,2000,0.3872663940243244,0.3999078174769528,0.399679035490082,0.2601629053740755,210,2.448974609375,0.3998418252353517,0.389632301908074,0.3996570105291018,0.0125754312110273,-0.0102755155688787,6.174098014831543,2.9065098762512207,2,1027.919189453125,False,False
ivae_5env,0.05,2.0,4,2000,0.9248542289573588,0.931793796448446,0.9806122309432964,0.5583091164152555,210,0.198974609375,0.9805965499657344,0.9803811163452754,0.9805902460188136,0.0557423210083756,0.0485873198968294,5.923694610595703,2.65433931350708,2,1029.3343505859375,False,False
ivae_2env,1.0,0.0,0,2000,0.7875728040160852,0.7838903124725751,0.9941223956818046,0.7875728040160852,4000,0.109130859375,0.9941398067341338,0.9939830124957496,0.9941401174291403,0.20656700271804862,0.21009270002317448,6.151942253112793,3.0691919326782227,2,1370.8275146484375,False,False
ivae_2env,1.0,0.0,1,2000,0.9794777799234535,0.9816967404241814,0.9925436377389969,0.9794777799234535,4000,0.122802734375,0.9925466000146786,0.9922410425602569,0.9925376331301072,0.01306882009122512,0.01054430213607549,6.129787445068359,3.007253646850586,2,1367.3822021484375,False,False
ivae_2env,1.0,0.0,2,2000,0.9186731633697172,0.9213768923442198,0.989925938100539,0.9186731633697172,4000,0.144287109375,0.9899145756970966,0.9896398146599501,0.9899062865880826,0.07124141232737946,0.06826292231573028,6.185626983642578,3.0363075733184814,2,1368.5125732421875,False,False
ivae_2env,1.0,0.0,3,2000,0.97855408158334,0.9817588126896997,0.9929938209833906,0.97855408158334,4000,0.121337890625,0.9929735717863325,0.9927891426972821,0.9929730804096271,0.014419490202992491,0.011030330007582467,6.0817484855651855,2.9892797470092773,2,1369.0943603515625,False,False
ivae_2env,1.0,0.0,4,2000,0.7333690221571856,0.7217982161995515,0.9957364622507521,0.7333690221571856,4000,0.091552734375,0.9957509291091855,0.9955434786358657,0.9957480510801313,0.2623819069519999,0.27374526243631414,6.21413516998291,3.098304271697998,2,1365.0157470703125,False,False
ivae_2env,1.0,2.0,0,2000,0.3171536626301696,0.330639304659825,0.48746455517090703,0.3171536626301696,4000,1.826904296875,0.4871756877261449,0.48264495516123695,0.48743446484154,0.1700220250959753,0.15200565050141196,6.84798526763916,3.378237724304199,2,1052.3341064453125,False,False
ivae_2env,1.0,2.0,1,2000,0.4663467877589237,0.4577872519468113,0.48856884643632725,0.4663467877589237,4000,1.821044921875,0.4889848670599686,0.481260099315023,0.4885573519696625,0.02263807930104489,0.023472847368211702,6.601971626281738,2.943584680557251,2,1050.541748046875,False,False
ivae_2env,1.0,2.0,2,2000,0.375762396138077,0.38805462776365546,0.504129720311238,0.375762396138077,4000,1.776123046875,0.5037912264849278,0.49380930420232433,0.5041350512929011,0.1280288303468508,0.10575467643866887,6.808877944946289,3.2440805435180664,2,1050.2208251953125,False,False
ivae_2env,1.0,2.0,3,2000,0.6758313728349485,0.7043126383281569,0.6910774876723104,0.6758313728349485,4000,1.072021484375,0.6910568341699538,0.6899350252337537,0.6910527432974523,0.015225461335005241,-0.014377613094403219,6.740321159362793,3.1371967792510986,2,1050.1727294921875,False,False
ivae_2env,1.0,2.0,4,2000,0.4432615164737864,0.4749926282481553,0.48263310020541844,0.4432615164737864,4000,1.874755859375,0.48334365169871396,0.47428362007090324,0.4826525704499261,0.04008213522492754,-0.0007090081772520573,6.741975784301758,3.157665967941284,2,1047.9541015625,False,False
ivae_2env,0.8,0.0,0,2000,0.9735459463529568,0.9787101211775266,0.9921721541806664,0.9759080264889262,3172,0.125732421875,0.9921706854722017,0.9919542537385598,0.9921684138997421,0.018624739119244893,0.013244132561033184,6.140739917755127,3.03115177154541,2,1369.71337890625,False,False
ivae_2env,0.8,0.0,1,2000,0.9849974008926075,0.9876802711700641,0.9924277613501358,0.9847133102967738,3230,0.124755859375,0.9924245987104496,0.9920265537566348,0.9924148568205194,0.007427197817842179,0.004346282586570771,6.156137943267822,3.022637128829956,2,1367.602294921875,False,False
ivae_2env,0.8,0.0,2,2000,0.8662357474006841,0.8647779961944959,0.9949634149130935,0.8459739696658173,3183,0.100830078125,0.9949715241893196,0.9949052037262974,0.9949733675918738,0.12873577678863546,0.13012720753180151,6.189667701721191,3.0716333389282227,2,1368.91552734375,False,False
ivae_2env,0.8,0.0,3,2000,0.9683565311607973,0.971531638382906,0.9920572952608435,0.9626053839217457,3171,0.128662109375,0.9920707024873485,0.9919250059812479,0.9920650548563252,0.02371417132655118,0.02039336759834187,6.103823661804199,2.9855422973632812,2,1369.5615234375,False,False
ivae_2env,0.8,0.0,4,2000,0.7287356989499407,0.7161462215365528,0.9940096193098389,0.7138215627478286,3178,0.109619140625,0.9939984092860576,0.9936993324248296,0.9939958229941688,0.2652627103361169,0.2775531108882767,6.173428535461426,3.0724096298217773,2,1364.3465576171875,False,False
ivae_2env,0.8,2.0,0,2000,0.3931785470203055,0.4114477283619306,0.49485843405348456,0.31170697861330143,3172,1.732177734375,0.4949091895061606,0.49107237051809083,0.4948941446077908,0.10173064248585506,0.07962464215616022,6.8015522956848145,3.3650009632110596,2,1045.3951416015625,False,False
ivae_2env,0.8,2.0,1,2000,0.49581560743790876,0.4914653601163382,0.542137780048479,0.4711528278521196,3230,1.595947265625,0.5423712888798734,0.5353521768380423,0.5421660001469482,0.04655568144196465,0.04388681672170408,6.613927841186523,3.0045130252838135,2,1046.0946044921875,False,False
ivae_2env,0.8,2.0,2,2000,0.5058869392148972,0.4933542018385486,0.6758098320134548,0.4336889596711745,3183,1.106201171875,0.6757987992591312,0.6705882453970589,0.6758733638059737,0.16991186004423398,0.17723404355851025,6.798030853271484,3.1950628757476807,2,1043.9180908203125,False,False
ivae_2env,0.8,2.0,3,2000,0.46408814214923866,0.4617708539427118,0.5158740551462802,0.45701050073501165,3171,1.691650390625,0.5160347979621706,0.5115755021438737,0.5158586269047376,0.0519466558129319,0.04980464820116193,6.5352582931518555,2.8821260929107666,2,1044.2493896484375,False,False
ivae_2env,0.8,2.0,4,2000,0.39537425723414305,0.41874020968505093,0.5302800007704418,0.41798431544535797,3178,1.629150390625,0.5305478689753489,0.522418619354653,0.5302364188803314,0.13517361174120585,0.10367840966960201,6.630760192871094,3.0532050132751465,2,1041.0,False,False
ivae_2env,0.6,0.0,0,2000,0.8646547304820436,0.864151336537831,0.994018689080768,0.8326273405803624,2400,0.110107421875,0.9940261610049377,0.9938063612015866,0.9940289429355447,0.12937143052289413,0.12965502466375556,6.1410627365112305,3.060018539428711,2,1370.447998046875,False,False
ivae_2env,0.6,0.0,1,2000,0.9835447250685942,0.9866278949069702,0.9918948246063213,0.972828196887346,2427,0.128662109375,0.9919150618936803,0.991594711148674,0.9919028866249131,0.008370336825086033,0.004966816241703809,6.156044006347656,3.0183911323547363,2,1368.352783203125,False,False
ivae_2env,0.6,0.0,2,2000,0.9878951146178141,0.9922144558036106,0.9918690554307639,0.9900891128099302,2401,0.128662109375,0.9918545476532874,0.9918579627144872,0.9918678582540648,0.003959433035473303,-0.0003564930891233331,6.169699192047119,3.0244038105010986,2,1368.7237548828125,False,False
ivae_2env,0.6,0.0,3,2000,0.8945340246622964,0.897284136821031,0.9935571402385115,0.8586803977910373,2385,0.116455078125,0.9935593661791371,0.993415038853756,0.9935481041946037,0.09902534151684073,0.09613090203272501,6.162722587585449,3.0624001026153564,2,1370.4388427734375,False,False
ivae_2env,0.6,0.0,4,2000,0.7637868942096265,0.7572322608080624,0.9950709965329831,0.7306505644889683,2387,0.099365234375,0.9950691949226513,0.9948382962095703,0.995063017961719,0.2312823007130248,0.23760603540150793,6.1595587730407715,3.0523126125335693,2,1365.2244873046875,False,False
ivae_2env,0.6,2.0,0,2000,0.46860093094421124,0.48314134353533406,0.5494549791783849,0.26309782590048486,2400,1.504638671875,0.5500139234297703,0.5468185809546433,0.5494667059821307,0.08141299248555905,0.06367723741930925,6.60707950592041,3.062471628189087,2,1040.35546875,False,False
ivae_2env,0.6,2.0,1,2000,0.7331531693799092,0.7369626439906584,0.8832078490797295,0.5717540566920455,2427,0.538818359375,0.8833636289421419,0.8833678713419645,0.8831952474474609,0.15021045956223278,0.14640522735130612,6.483366012573242,2.923940420150757,2,1040.6568603515625,False,False
ivae_2env,0.6,2.0,2,2000,0.5193289638184987,0.5427714711928657,0.5869518170862442,0.2434461662150121,2401,1.410400390625,0.5866383456645958,0.5793560078389998,0.5869535242171571,0.06730938184609714,0.036584536646134036,6.5784807205200195,3.0218241214752197,2,1037.946533203125,False,False
ivae_2env,0.6,2.0,3,2000,0.5914501665014325,0.6149923282480798,0.6388423565098749,0.5897684505226741,2385,1.243408203125,0.6390306953600056,0.6368407277101795,0.6388989116896118,0.04758052885857311,0.02184839946209971,6.475337982177734,2.926229953765869,2,1039.7149658203125,False,False
ivae_2env,0.6,2.0,4,2000,0.46846165481062785,0.4652577690644405,0.6166519210091423,0.4143361208401287,2387,1.304931640625,0.6172908746865452,0.6108737059684244,0.616636837166172,0.14882921987591735,0.1456159369039839,6.4908447265625,2.972494125366211,2,1036.279296875,False,False
ivae_2env,0.4,0.0,0,2000,0.9369331264421872,0.940704336426081,0.9933260462232267,0.8593720150557603,1601,0.115966796875,0.9933333494297567,0.9931195207798764,0.9933384501564362,0.056400222987569526,0.05241518435379544,6.1248087882995605,3.054621696472168,2,1369.9373779296875,False,False
ivae_2env,0.4,0.0,1,2000,0.9683218153343485,0.9714841363710306,0.9925762781519469,0.8855561604833078,1614,0.122802734375,0.9926158801606452,0.9923520118379993,0.9925905115905798,0.024294064826296702,0.020867875466968666,6.120392799377441,3.005359172821045,2,1368.169189453125,False,False
ivae_2env,0.4,0.0,2,2000,0.8676024253847021,0.8640847627711873,0.9948227498650594,0.7309818587672082,1636,0.102294921875,0.9948088985844228,0.9947880761970155,0.994814703192612,0.12720647319972067,0.1307033134258282,6.172375202178955,3.0264365673065186,2,1370.40966796875,False,False
ivae_2env,0.4,0.0,3,2000,0.8448753547063989,0.8444608931152202,0.9941328155225247,0.7601484747746117,1584,0.110595703125,0.9941495288902888,0.9940132712533143,0.9941496937236014,0.14927417418389,0.14955237813809408,6.181142807006836,3.07562255859375,2,1370.0972900390625,False,False
ivae_2env,0.4,0.0,4,2000,0.7308501060287553,0.7211953030488232,0.9950662035135669,0.6251886418285423,1601,0.098876953125,0.9950738821738284,0.9949245004811215,0.9950709716861669,0.2642237761450731,0.2737291974322983,6.161953926086426,3.055856466293335,2,1366.5389404296875,False,False
ivae_2env,0.4,2.0,0,2000,0.9313333484239307,0.94207153351788,0.9338084558028458,0.6742503864680363,1601,0.382568359375,0.9337239942385585,0.9339310562327606,0.9337764321874586,0.0023906458146277787,-0.008140477285119352,6.290417194366455,2.86120867729187,2,1034.3453369140625,False,False
ivae_2env,0.4,2.0,1,2000,0.9331317807759828,0.9461424625356121,0.9508489416753101,0.695302064077503,1614,0.328369140625,0.9509793671912747,0.9503563078390735,0.9508161560697654,0.01784758641529194,0.004213845303461472,6.310485363006592,2.8472578525543213,2,1036.3106689453125,False,False
ivae_2env,0.4,2.0,2,2000,0.9422720948673908,0.9558834409708568,0.9436399285700363,0.6633878608596856,1636,0.351806640625,0.9436545810994781,0.9441580655395131,0.9436916311123881,0.0013824862320872544,-0.011725375431343665,6.272685527801514,2.76155948638916,2,1034.86669921875,False,False
ivae_2env,0.4,2.0,3,2000,0.8432905084341904,0.8511888980472213,0.8920282442599794,0.5406310392547111,1584,0.517333984375,0.8919519483404791,0.8930422190105516,0.8919818039098482,0.048661439906288684,0.041853320963330276,6.243325233459473,2.6153602600097656,2,1034.3857421875,False,False
ivae_2env,0.4,2.0,4,2000,0.6232898048866998,0.62872796893199,0.7260123811329933,0.4835991553057287,1601,0.961181640625,0.7262389436275989,0.7229882197470521,0.7260548723405065,0.10294913874089906,0.09426025081506206,6.31264066696167,2.907069444656372,2,1032.78955078125,False,False
ivae_2env,0.2,0.0,0,2000,0.7488674928947083,0.7380814395203572,0.9938214792365145,0.5884754816596666,838,0.111572265625,0.9937888177898209,0.9936155784038909,0.993795833304373,0.24492132489511254,0.2555341388835337,6.138639450073242,3.0621633529663086,2,1370.8902587890625,False,False
ivae_2env,0.2,0.0,1,2000,0.9702238943020137,0.9723985613496369,0.9930257257290298,0.7531285102456053,814,0.118896484375,0.9930311642732849,0.9928038367009556,0.9930206410266691,0.022807269971271138,0.020405275351318752,6.174299240112305,3.0172274112701416,2,1369.0843505859375,False,False
ivae_2env,0.2,0.0,2,2000,0.9898777113608699,0.9931959382989809,0.9915949574349232,0.9419202107298782,827,0.130615234375,0.9915963860998621,0.9914801291200288,0.9915994998657021,0.0017186747389922319,-0.001715809178952088,6.1872148513793945,3.0519046783447266,2,1369.861328125,False,False
ivae_2env,0.2,0.0,3,2000,0.836287299981394,0.8327983016995724,0.9950292140827868,0.6324644428791332,798,0.100830078125,0.9950492017718926,0.9949912999978214,0.9950493677746759,0.15876190179049865,0.16219299829824907,6.157275199890137,3.0668601989746094,2,1369.5260009765625,False,False
ivae_2env,0.2,0.0,4,2000,0.7491956120088703,0.7428944667236139,0.9949800496498451,0.5906246605719374,797,0.099853515625,0.9949832851663286,0.9948148872037182,0.9949817100229807,0.2457876731574583,0.2519204204801043,6.155612945556641,3.0635604858398438,2,1366.413818359375,False,False
ivae_2env,0.2,2.0,0,2000,0.959308217674248,0.9686975444243828,0.9629349775595601,0.6224093158094719,838,0.279052734375,0.9628701504864415,0.9629181734795398,0.9629276958240804,0.0035619328121935245,-0.005779370944843043,6.209177017211914,2.8490259647369385,2,1032.8209228515625,False,False
ivae_2env,0.2,2.0,1,2000,0.9566114491143712,0.9663257745814401,0.9703782309048271,0.6440996412064519,814,0.249267578125,0.9705069045722606,0.9701887810471914,0.9704280172783402,0.013895455457889394,0.0038630064657513286,6.104641437530518,2.8224074840545654,2,1033.0059814453125,False,False
ivae_2env,0.2,2.0,2,2000,0.96564335652947,0.9758448699612139,0.9736121709788428,0.6047791496006116,827,0.235107421875,0.9735975659050662,0.9735461996365464,0.9736090475887766,0.00795420937559621,-0.0022986703246674622,6.143117904663086,2.772427797317505,2,1031.33837890625,False,False
ivae_2env,0.2,2.0,3,2000,0.938759279335287,0.9433806543451599,0.9615684018876173,0.5967670937760001,798,0.288330078125,0.9615357111354479,0.962052641763157,0.9615373953091062,0.022776431800160868,0.018671987417997027,6.056759834289551,2.6293747425079346,2,1030.5709228515625,False,False
ivae_2env,0.2,2.0,4,2000,0.6228968833410229,0.6336163816540932,0.766850314147423,0.4876214050270118,797,0.855224609375,0.7668495274974343,0.7645609821402428,0.766784288190661,0.1439526441564114,0.13094460048614964,6.2231879234313965,2.953216791152954,2,1028.954833984375,False,False
ivae_2env,0.05,0.0,0,2000,0.8447461831253537,0.8435577856394434,0.9944015911393985,,193,0.106201171875,0.9943918612195461,0.9942051865512931,0.9943931575617715,0.1496456780941925,0.1506474009118497,6.169804096221924,3.083674669265747,2,1370.529296875,False,False
ivae_2env,0.05,0.0,1,2000,0.9456077227301799,0.9478619474654834,0.9937571299266719,0.5164273211789447,209,0.112548828125,0.9937467827479265,0.9935070631267622,0.9937381177665832,0.04813906001774659,0.04564511566127882,6.158475875854492,3.00715970993042,2,1369.3829345703125,False,False
ivae_2env,0.05,0.0,2,2000,0.9503272567024155,0.9543777210944268,0.9932865154274302,,193,0.116943359375,0.9932720757219713,0.9931274490318585,0.9932788234210396,0.042944819019555824,0.0387497279374317,6.237452507019043,3.0721347332000732,2,1369.2171630859375,False,False
ivae_2env,0.05,0.0,3,2000,0.9907495826831556,0.9955203501300839,0.9915184334806503,0.8916498516753255,210,0.132568359375,0.9914931398796694,0.9914697378674309,0.9914911503580631,0.0007435571965137555,-0.0040506122626530194,6.159792423248291,3.022066831588745,2,1369.236083984375,False,False
ivae_2env,0.05,0.0,4,2000,0.7322939667383459,0.7239705954926463,0.9956646595567551,0.5415889396103413,210,0.093017578125,0.9956570981223101,0.995476937869231,0.9956548537535477,0.26336313138396417,0.27150634237658466,6.1872053146362305,3.077622175216675,2,1366.506591796875,False,False
ivae_2env,0.05,2.0,0,2000,0.9740446923005788,0.9808356892089187,0.9759692443236616,,193,0.222900390625,0.9759542309374952,0.9758046887011687,0.9759638065365235,0.0019095386369164524,-0.005031000507750072,6.024035930633545,2.787487506866455,2,1030.533203125,False,False
ivae_2env,0.05,2.0,1,2000,0.9631367330157237,0.971694886423718,0.9776765908487202,0.5116892775910955,209,0.215087890625,0.977768313564315,0.9774955708738893,0.9777232075775708,0.014631580548591372,0.005800684450171234,6.056184768676758,2.817451238632202,2,1031.6119384765625,False,False
ivae_2env,0.05,2.0,2,2000,0.8573328191814324,0.8597163304290796,0.8790462120684763,,193,0.547607421875,0.8789437949418837,0.8800965602741369,0.8789841902514346,0.021610975760451234,0.020380229845057274,6.127762794494629,2.557997941970825,2,1029.7750244140625,False,False
ivae_2env,0.05,2.0,3,2000,0.9579882788518632,0.9642905928226448,0.9774532269439231,0.5367797215602006,210,0.218017578125,0.9775062029088724,0.9777696914424193,0.9775002965944678,0.01951792405700914,0.013479098619774477,5.948844909667969,2.6753780841827393,2,1028.7076416015625,False,False
ivae_2env,0.05,2.0,4,2000,0.733515317243272,0.7464955633738881,0.8586460768690913,0.5031903754286893,210,0.604736328125,0.8588099991601003,0.8580442620110621,0.8587178198843797,0.12529468191682824,0.11154869863717398,6.095803260803223,2.912468671798706,2,1028.1773681640625,False,False
conditional,1.0,0.0,0,2000,0.7523727894863497,0.7462602005650476,0.9943333561188834,0.7523727894863497,4000,0.107177734375,0.9943596309645681,0.9942321070580229,0.9943582708927297,0.24198684147821847,0.2479719064929753,6.323343753814697,3.1332690715789795,2,1366.1961669921875,False,False
conditional,1.0,0.0,1,2000,0.9557296900406747,0.9615342948835701,0.9916652642020269,0.9557296900406747,4000,0.130126953125,0.9916847096413941,0.9915160931290199,0.9916775388781619,0.03595501960071945,0.029981798245449776,6.345762252807617,3.157132863998413,2,1364.69287109375,False,False
conditional,1.0,0.0,2,2000,0.9914217634906253,0.9953636180909009,0.9917523266687549,0.9914217634906253,4000,0.129638671875,0.9917179376165861,0.9915204236301023,0.9917237219496264,0.00029617412596083526,-0.0038431944607986157,6.286875247955322,3.1241469383239746,2,1363.4359130859375,False,False
conditional,1.0,0.0,3,2000,0.9291122824231535,0.933077964769488,0.9937126234314198,0.9291122824231535,4000,0.114990234375,0.9937070014301521,0.9935416868854181,0.9937064971579312,0.06459471900699865,0.060463722115930096,6.296952247619629,3.137432336807251,2,1365.0206298828125,False,False
conditional,1.0,0.0,4,2000,0.857118739709708,0.8593322785830665,0.9933136993509057,0.857118739709708,4000,0.114990234375,0.9932911821795634,0.9930694485173586,0.9932874543736494,0.13617244246985538,0.13373716993429208,6.363237380981445,3.171198844909668,2,1365.2547607421875,False,False
conditional,1.0,2.0,0,2000,0.9682476186999275,0.9785258558814605,0.9703836339885277,0.9682476186999275,4000,0.250732421875,0.970345665108695,0.9703274890818688,0.9703432779363681,0.00209804640876754,-0.008198366799591628,5.926060676574707,2.841003894805908,2,1049.60400390625,False,False
conditional,1.0,2.0,1,2000,0.9651819982484033,0.9743952808488168,0.9681399446555731,0.9651819982484033,4000,0.260009765625,0.9681197441913398,0.9680945652736376,0.9680942253655553,0.0029377459429364983,-0.006300715575179194,5.995515823364258,2.9477992057800293,2,1048.5306396484375,False,False
conditional,1.0,2.0,2,2000,0.4352060377236503,0.4398504792126182,0.5004227047202473,0.4352060377236503,4000,1.743408203125,0.5003136942416595,0.4940807420201837,0.5004032492897633,0.0651076565180092,0.05423026280756549,6.30007266998291,2.9478061199188232,2,1047.49658203125,False,False
conditional,1.0,2.0,3,2000,0.8030934762243942,0.8046237594059369,0.9791847487511258,0.8030934762243942,4000,0.212158203125,0.9791456549570188,0.978958406489598,0.979143299816476,0.17605217873262458,0.1743346470836611,5.944421768188477,2.925659418106079,2,1047.8887939453125,False,False
conditional,1.0,2.0,4,2000,0.4471014097163706,0.4411456740364169,0.5307779790665054,0.4471014097163706,4000,1.620849609375,0.5309391864157014,0.5219246827311688,0.530754075052841,0.08383777669933079,0.08077900869475185,6.241168975830078,3.1044232845306396,2,1048.671630859375,False,False
conditional,0.8,0.0,0,2000,0.8326058786218812,0.8338084964521211,0.994193214528187,0.8296183081446743,3172,0.108154296875,0.994204812038055,0.9940419197604762,0.9942030428165887,0.16159893341617382,0.1602334233083551,6.344358921051025,3.15028715133667,2,1365.625,False,False
conditional,0.8,0.0,1,2000,0.9778078558494334,0.9828520714630142,0.9914995028022218,0.9804446929804218,3230,0.132568359375,0.9915030593350483,0.9912290913072694,0.9914893497368504,0.013695203485614926,0.008377019844255207,6.350950241088867,3.131990432739258,2,1365.4427490234375,False,False
conditional,0.8,0.0,2,2000,0.9367130227603442,0.941428901857222,0.9937785067876772,0.9349047463117783,3183,0.111572265625,0.9937736424183423,0.9937377526844346,0.9937805573984897,0.057060619657998135,0.052308850827212705,6.265713691711426,3.1079370975494385,2,1364.77197265625,False,False
conditional,0.8,0.0,3,2000,0.8716889576891989,0.8742262810565673,0.9933049715867337,0.8673167045447083,3171,0.118408203125,0.9932987488009167,0.9931849537962348,0.9932995680618488,0.12160979111171788,0.11895867273966754,6.335458755493164,3.1627609729766846,2,1366.6519775390625,False,False
conditional,0.8,0.0,4,2000,0.7946706840075006,0.7913509115877251,0.9929419326878033,0.7765147267922442,3178,0.118408203125,0.9929692621013828,0.9927408186852009,0.9929593561310979,0.19829857809388218,0.20138990709747584,6.330787658691406,3.1566545963287354,2,1364.0439453125,False,False
conditional,0.8,2.0,0,2000,0.9098527767428228,0.9196024999006218,0.9402972462287396,0.920662947124032,3172,0.361572265625,0.9403059834509925,0.9401300170325007,0.9402924363102462,0.030453206708169644,0.020527517131878836,5.986393928527832,2.9538426399230957,2,1042.1767578125,False,False
conditional,0.8,2.0,1,2000,0.9299060762997858,0.9409451194862763,0.9475894442700358,0.9358461660334023,3230,0.341552734375,0.9477379803976748,0.9480079125019747,0.9476550690833094,0.01783190409788893,0.007062793015698343,5.966502666473389,2.958169460296631,2,1043.8116455078125,False,False
conditional,0.8,2.0,2,2000,0.5227736420745844,0.5198435334608814,0.5288123551227486,0.468378966870914,3183,1.597900390625,0.5286425783849789,0.5225376458844095,0.5288590262204431,0.005868936310394424,0.0026941124235281277,6.032186985015869,2.9468741416931152,2,1042.1591796875,False,False
conditional,0.8,2.0,3,2000,0.901723577131458,0.9089338289834539,0.979052040857056,0.9056473698101939,3171,0.212158203125,0.9790247615135729,0.9789115419778819,0.9790227009268491,0.07730118438211486,0.06997771299442801,5.898388862609863,2.936952590942383,2,1043.5174560546875,False,False
conditional,0.8,2.0,4,2000,0.937595647999829,0.9433722910930692,0.9427906248000646,0.9288771709210306,3178,0.351806640625,0.9428357466522506,0.9429164312291041,0.9427315245783412,0.0052400986524215876,-0.00045585986396512457,5.9347124099731445,2.905869483947754,2,1040.816650390625,False,False
conditional,0.6,0.0,0,2000,0.7135414539156006,0.7042394578098619,0.9941156668200377,0.7077047577666917,2400,0.109619140625,0.9940932081459202,0.9939007839751925,0.9940921989147432,0.2805517542303195,0.2896613261653307,6.263304710388184,3.097773551940918,2,1365.90771484375,False,False
conditional,0.6,0.0,1,2000,0.937284296336239,0.9419986222496521,0.9918159616121648,0.9213085118734223,2427,0.129638671875,0.991834189386677,0.9916399976599959,0.991809476325161,0.054549893050438,0.04964137541034375,6.3363237380981445,3.1642777919769287,2,1367.1671142578125,False,False
conditional,0.6,0.0,2,2000,0.7832950839040809,0.7800373777593417,0.9941671547190557,0.7458928281781545,2401,0.108154296875,0.994144017219778,0.994127326781828,0.9941527384593984,0.2108489333156971,0.21408994902248635,6.281833648681641,3.1269071102142334,2,1365.0325927734375,False,False
conditional,0.6,0.0,3,2000,0.8922668988472425,0.8958821172205261,0.9927967200862178,0.8626629577133509,2385,0.123291015625,0.9928209079957018,0.9926673539168349,0.9928091330739444,0.10055400914845924,0.09678523669630879,6.345701217651367,3.163928270339966,2,1367.62939453125,False,False
conditional,0.6,0.0,4,2000,0.7006092025913624,0.6950656992664224,0.9940988141082056,0.6906414032751117,2387,0.108154296875,0.9941354131362664,0.9939425499856338,0.9941240452999953,0.293526210544904,0.29887685071921144,6.305336952209473,3.1426854133605957,2,1364.6766357421875,False,False
conditional,0.6,2.0,0,2000,0.6289086795506953,0.6253442058360492,0.8270641159585789,0.5662103850165063,2400,0.680419921875,0.8269711521696669,0.8256105699026395,0.8269845408031435,0.19806247261897159,0.20026636406659026,5.764460563659668,2.7711870670318604,2,1037.2235107421875,False,False
conditional,0.6,2.0,1,2000,0.8621102588957473,0.8724044871011185,0.9074203307217608,0.8825805154720876,2427,0.470458984375,0.9077515507638108,0.9086214801553667,0.907434610556868,0.04564129186806343,0.03621699305424819,5.881357192993164,2.9192323684692383,2,1039.1134033203125,False,False
conditional,0.6,2.0,2,2000,0.7215486534298063,0.715579686394919,0.9281956984856492,0.6337237690406535,2401,0.399169921875,0.9281894564899307,0.9294563361140806,0.9281246834076833,0.20664080306012433,0.21387664971916165,5.849135398864746,2.9141440391540527,2,1036.8116455078125,False,False
conditional,0.6,2.0,3,2000,0.935554759647174,0.941674509668624,0.936859761124013,0.900373608790111,2385,0.384521484375,0.9369202076131568,0.937576145644033,0.9368044360131644,0.0013654479659827023,-0.004098364024590961,5.771073341369629,2.8826980590820312,2,1038.4378662109375,False,False
conditional,0.6,2.0,4,2000,0.72284936134257,0.7291032570258116,0.8801804760820575,0.7227861895690266,2387,0.539306640625,0.8803544661304222,0.882315036828756,0.8801773717734706,0.15750510478785218,0.15321177980294443,5.822833061218262,2.8868913650512695,2,1036.2269287109375,False,False
conditional,0.4,0.0,0,2000,0.76846716437581,0.7655850136462508,0.9946933921799157,0.710402823750471,1601,0.103271484375,0.9947156840980174,0.9945589721397393,0.9947165479179059,0.2262485197222074,0.22897395849348856,6.266050338745117,3.098663568496704,2,1365.5682373046875,False,False
conditional,0.4,0.0,1,2000,0.9789611045131423,0.9824403348600801,0.9918497938684765,0.9709838140582618,1614,0.129150390625,0.9918848517288796,0.9917497871874434,0.9918598347025812,0.012923747215737302,0.009309452327363354,6.320376396179199,3.114766836166382,2,1366.052001953125,False,False
conditional,0.4,0.0,2,2000,0.915288137420621,0.9165257883814437,0.9910411572727987,0.8021094837615617,1636,0.134033203125,0.9910230450665378,0.9910829845207425,0.9910295211168234,0.07573490764591684,0.07455719613929879,6.2665886878967285,3.1187734603881836,2,1365.8914794921875,False,False
conditional,0.4,0.0,3,2000,0.8922842857699839,0.8952071695517891,0.9932063899341097,0.8083743345335268,1584,0.119384765625,0.9932210327529206,0.9930857467714329,0.9932207898404151,0.10093674698293675,0.09787857721964377,6.287471771240234,3.1362383365631104,2,1367.3883056640625,False,False
conditional,0.4,0.0,4,2000,0.7134598989207451,0.7077393606848377,0.9937617514684333,0.6524374192648216,1601,0.111083984375,0.9937632867958603,0.9936623101655737,0.9937592666282066,0.2803033878751152,0.28592294948073604,6.319906234741211,3.150017261505127,2,1365.8419189453125,False,False
conditional,0.4,2.0,0,2000,0.568951444012051,0.5643456098364004,0.7529357566308124,0.49903034767907883,1601,0.872314453125,0.7530491161373222,0.7502646203161523,0.7530018956083546,0.18409767212527117,0.1859190104797519,5.5448431968688965,2.688048839569092,2,1031.6090087890625,False,False
conditional,0.4,2.0,1,2000,0.7235078946751655,0.7200114892528695,0.9267678993240511,0.6453565636481974,1614,0.410888671875,0.9269943059539684,0.9271913160478257,0.9267281179257465,0.20348641127880285,0.20717982679495617,5.6516828536987305,2.6633739471435547,2,1033.6964111328125,False,False
conditional,0.4,2.0,2,2000,0.8652908668025798,0.8682150003037469,0.9271313310106857,0.7350833078120532,1636,0.401611328125,0.927130922035029,0.9284534193633514,0.9271654494114951,0.061840055232449176,0.060238419059604476,5.700883865356445,2.769057512283325,2,1032.7818603515625,False,False
conditional,0.4,2.0,3,2000,0.7567819616061537,0.7599701642425384,0.9317664799274497,0.6878934762931228,1584,0.400146484375,0.9317445266052882,0.9324875721218897,0.9317410977479903,0.17496256499913443,0.17251740787935133,5.660470962524414,2.7033419609069824,2,1033.3936767578125,False,False
conditional,0.4,2.0,4,2000,0.7996725752179132,0.7990634702658648,0.9042714673720409,0.6685179393581199,1601,0.470458984375,0.9043870598504455,0.9059165407291321,0.9043516439294754,0.1047144846325323,0.10685307046326731,5.645270824432373,2.7495319843292236,2,1032.711181640625,False,False
conditional,0.2,0.0,0,2000,0.7134992170849607,0.7048675289668798,0.9947560541995528,0.5920820091418524,838,0.102783203125,0.9947346862535456,0.9946082441520572,0.9947342552320184,0.2812354691685849,0.2897407151851774,6.3093976974487305,3.1403822898864746,2,1367.9354248046875,False,False
conditional,0.2,0.0,1,2000,0.9880175494190844,0.9920467782616911,0.9897888068012461,0.9862509045889459,814,0.144775390625,0.9897772014136533,0.9897046244261527,0.9897671709588318,0.001759651994568956,-0.002342153835538374,6.304390907287598,3.0831260681152344,2,1366.8349609375,False,False
conditional,0.2,0.0,2,2000,0.754461864974026,0.7471110937777707,0.9921992712020864,0.6269279285128283,827,0.124755859375,0.9922198488315344,0.9921477890369439,0.9922196906044877,0.23775798385750835,0.24503669525917315,6.282125473022461,3.1205806732177734,2,1364.22509765625,False,False
conditional,0.2,0.0,3,2000,0.8681644452137156,0.8691843410460821,0.994185496349123,0.6767629476884999,798,0.109619140625,0.9941778179202265,0.9941298452824576,0.9941776973863987,0.12601337270651092,0.12494550423637552,6.305657386779785,3.152827262878418,2,1366.57666015625,False,False
conditional,0.2,0.0,4,2000,0.9317920370763044,0.9369586869896682,0.9895391892783971,0.7380407942345881,797,0.144775390625,0.9895123002008912,0.989374438343606,0.9895105896709019,0.05772026312458678,0.052415751353937834,6.351658821105957,3.1489408016204834,2,1365.762451171875,False,False
conditional,0.2,2.0,0,2000,0.7991087317561862,0.7957277761819412,0.8142560770721392,0.5918329148747807,838,0.709716796875,0.8141912226444972,0.8118802414700576,0.8142788160059525,0.015082490888310929,0.016152465288116313,5.533668518066406,2.727884292602539,2,1030.6002197265625,False,False
conditional,0.2,2.0,1,2000,0.6306521299158159,0.6226316749079166,0.8757524417688084,0.47990681304634264,814,0.556884765625,0.8760738981409377,0.8773563655890881,0.8758033183497655,0.24542176822512185,0.25472469068117154,5.477898597717285,2.5960962772369385,2,1031.244873046875,False,False
conditional,0.2,2.0,2,2000,0.910694172321475,0.9114121843530427,0.9174716228410392,0.6738352050247218,827,0.431396484375,0.9175047916835386,0.9192512703128142,0.9175293983761196,0.006810619362063619,0.007839085959771452,5.566838264465332,2.6331627368927,2,1029.0379638671875,False,False
conditional,0.2,2.0,3,2000,0.6994100089864055,0.6932795558198865,0.8889571674617518,0.5422043664061926,798,0.524169921875,0.8890443341917085,0.8909302222325522,0.8890426737772745,0.189634325205303,0.1976506664126657,5.4735822677612305,2.5893266201019287,2,1028.62939453125,False,False
conditional,0.2,2.0,4,2000,0.8485405703497022,0.8460501975125463,0.8746333188503556,0.6167418577587382,797,0.556884765625,0.8746098174105871,0.876009147752284,0.8745841904353058,0.02606924706088487,0.029958950239737714,5.4210309982299805,2.5393075942993164,2,1029.8203125,False,False
conditional,0.05,0.0,0,2000,0.8501000657517588,0.8522149868037436,0.9936464028752277,,193,0.113037109375,0.9936689596477186,0.9935107133776746,0.9936677194765973,0.14356889389595984,0.14129572657393097,6.283603668212891,3.115899085998535,2,1366.61083984375,False,False
conditional,0.05,0.0,1,2000,0.9877227839592759,0.9916326761581655,0.9898058230437423,0.6975381230753053,209,0.144287109375,0.9898431838196776,0.9897571131892744,0.9898316776250009,0.0021203998604016894,-0.0018755629688911313,6.334110260009766,3.1209118366241455,2,1367.720703125,False,False
conditional,0.05,0.0,2,2000,0.746003609148681,0.7383055403263823,0.9929986509941777,,193,0.118408203125,0.9930119130443631,0.9928998869749681,0.993013050511107,0.24700830389568207,0.2545943466485858,6.272906303405762,3.1078174114227295,2,1365.13427734375,False,False
conditional,0.05,0.0,3,2000,0.8523508078307945,0.8522267505566845,0.9918049578963846,0.5004423022492966,210,0.130126953125,0.9918351939570472,0.9917894314473541,0.9918322061343219,0.1394843861262527,0.1395626808906696,6.272420883178711,3.115780830383301,2,1366.5517578125,False,False
conditional,0.05,0.0,4,2000,0.9311326701467304,0.9353785903446441,0.9895552674344885,0.49131549610648584,210,0.144775390625,0.9895517263534597,0.9893600585900111,0.9895476409095633,0.05841905620672927,0.05398146824536698,6.342526435852051,3.148928642272949,2,1366.745849609375,False,False
conditional,0.05,2.0,0,2000,0.7020052407821726,0.6904601401150325,0.7785826924595123,,193,0.804443359375,0.7786569696916653,0.7760385417596326,0.7785636250555862,0.07665172890949268,0.08557840164460007,5.421981334686279,2.6459004878997803,2,1028.4473876953125,False,False
conditional,0.05,2.0,1,2000,0.6293901411429781,0.6214163438540836,0.8549832669713243,0.3808004003709521,209,0.613525390625,0.8552389869518862,0.8571595287898792,0.8549720784520025,0.22584884580890807,0.2357431849357956,5.42364501953125,2.585891008377075,2,1030.083251953125,False,False
conditional,0.05,2.0,2,2000,0.8790457186490879,0.8739230822307672,0.8793805494522455,,193,0.539794921875,0.879401247166832,0.8814771073692735,0.8794261526751315,0.0003555285177441192,0.007554025138506337,5.382012367248535,2.467395544052124,2,1028.3199462890625,False,False
conditional,0.05,2.0,3,2000,0.6510489798301906,0.6453505635876386,0.8430512835732283,0.4674995884778711,210,0.653564453125,0.8431104101114844,0.8446532539133103,0.8430295979098283,0.19206143028129374,0.1993026903256716,5.388425350189209,2.5820815563201904,2,1028.326416015625,False,False
conditional,0.05,2.0,4,2000,0.8415147099502431,0.8342457285614292,0.8516054610835885,0.5034059607341594,210,0.620361328125,0.8516556943744803,0.8526087714021895,0.8515932545292791,0.010140984424237165,0.01836304284076029,5.461785793304443,2.5251827239990234,2,1028.8653564453125,False,False
