arm,theta,rho,seed,cca_s,mcc_s,gap_s,cca_ab,mcc_ab,gap_ab
faithful,0.0,1.0,2,0.9921312980262458,0.991653656505062,0.0004776415211837,0.9921312980262458,0.991653656505062,0.0004776415211837
faithful,0.0,1.0,3,0.9932583103206718,0.9902859571031204,0.0029723532175514,0.9932583103206718,0.9902859571031204,0.0029723532175514
faithful,0.0,0.6,2,0.9915438170791118,0.9862114113679734,0.0053324057111383,0.9915438170791118,0.9862114113679734,0.0053324057111383
faithful,0.0,0.6,3,0.9925890883910028,0.9894821855011504,0.0031069028898523,0.9925890883910028,0.9894821855011504,0.0031069028898523
faithful,0.0,0.2,2,0.9918621032454022,0.9855939501999932,0.0062681530454089,0.9918621032454022,0.9855939501999932,0.0062681530454089
faithful,0.0,0.2,3,0.9932809327409368,0.9734931243698262,0.0197878083711107,0.9932809327409368,0.9734931243698262,0.0197878083711107
faithful,0.0,0.05,2,0.9907553484817866,0.9899019526970648,0.0008533957847218,0.9907553484817866,0.9899019526970648,0.0008533957847218
faithful,0.0,0.05,3,0.9926447810705834,0.9773516589105772,0.0152931221600062,0.9926447810705834,0.9773516589105772,0.0152931221600062
faithful,0.7853981633974483,1.0,2,0.9925548115888624,0.9837453143517924,0.00880949723707,0.992552460366041,0.7862330551258079,0.206319405240233
faithful,0.7853981633974483,1.0,3,0.9921371394413478,0.9072240374050364,0.0849131020363114,0.9921371393677488,0.9254001468621114,0.0667369925056375
faithful,0.7853981633974483,0.6,2,0.9899679677204848,0.864453053223413,0.1255149144970716,0.9899680376232616,0.9526595985482216,0.0373084390750401
faithful,0.7853981633974483,0.6,3,0.9916981535386616,0.9257860685584192,0.0659120849802424,0.9916975412968048,0.9062280811877584,0.0854694601090464
faithful,0.7853981633974483,0.2,2,0.9908885270006128,0.9575569302843328,0.0333315967162799,0.9908885378499828,0.8568225915313611,0.1340659463186216
faithful,0.7853981633974483,0.2,3,0.9901310230799676,0.9443482987406296,0.045782724339338,0.9901315489128596,0.87799865285308,0.1121328960597797
faithful,0.7853981633974483,0.05,2,0.9895392388716404,0.9664372433808108,0.0231019954908294,0.989539238924198,0.8337974307269164,0.1557418081972815
faithful,0.7853981633974483,0.05,3,0.9899198687541738,0.9436018347531152,0.0463180340010586,0.9899205739083508,0.8789573547955694,0.1109632191127814
mix_1000,0.0,1.0,2,0.990463085055056,0.9478596728202802,0.0426034122347758,0.990463085055056,0.9478596728202802,0.0426034122347758
mix_1000,0.0,1.0,3,0.9920215213815196,0.8818278845906106,0.1101936367909089,0.9920215213815196,0.8818278845906106,0.1101936367909089
mix_1000,0.0,0.6,2,0.8765143073272996,0.8588736627928635,0.0176406445344361,0.8765143073272996,0.8588736627928635,0.0176406445344361
mix_1000,0.0,0.6,3,0.4960209555601768,0.4365104783103065,0.0595104772498703,0.4960209555601768,0.4365104783103065,0.0595104772498703
mix_1000,0.0,0.2,2,0.4959189074776214,0.4683250353041014,0.02759387217352,0.4959189074776214,0.4683250353041014,0.02759387217352
mix_1000,0.0,0.2,3,0.9058611486098028,0.8502684711499998,0.0555926774598029,0.9058611486098028,0.8502684711499998,0.0555926774598029
mix_1000,0.0,0.05,2,0.7067801882751351,0.6428124841497271,0.0639677041254079,0.7067801882751351,0.6428124841497271,0.0639677041254079
mix_1000,0.0,0.05,3,0.9503626551177023,0.8116879862470041,0.1386746688706983,0.9503626551177023,0.8116879862470041,0.1386746688706983
mix_1000,0.7853981633974483,1.0,2,0.990362885647278,0.9894562359064488,0.0009066497408292,0.9903638394147296,0.7119768548970224,0.2783869845177071
mix_1000,0.7853981633974483,1.0,3,0.988747866464354,0.9321163927022031,0.0566314737621509,0.9887486861482072,0.8909895695637613,0.0977591165844458
mix_1000,0.7853981633974483,0.6,2,0.5332400885222852,0.5744885037001828,-0.0412484151778975,0.5332400880414473,0.4475171814696046,0.0857229065718426
mix_1000,0.7853981633974483,0.6,3,0.493332866074303,0.4049377988425841,0.0883950672317189,0.4933328669052338,0.4852429468244522,0.0080899200807816
mix_1000,0.7853981633974483,0.2,2,0.4188267841041335,0.4606297971760803,-0.0418030130719468,0.4188267831957921,0.320497729132694,0.0983290540630981
mix_1000,0.7853981633974483,0.2,3,0.4595508965848996,0.4128689225795146,0.046681974005385,0.4595508964368676,0.4561166317852159,0.0034342646516517
mix_1000,0.7853981633974483,0.05,2,0.4089339314704219,0.4010211284803454,0.0079128029900765,0.4089339315710105,0.3740269600197509,0.0349069715512596
mix_1000,0.7853981633974483,0.05,3,0.9297551540756572,0.7961948503147569,0.1335603037609003,0.929755153832377,0.8562258457383929,0.073529308093984
faithful,0.0,1.0,0,0.9934414801814264,0.8742778339882267,0.1191636461931997,0.9934414801814264,0.8742778339882267,0.1191636461931997
faithful,0.0,1.0,1,0.9932339148204884,0.9348004241580784,0.0584334906624098,0.9932339148204884,0.9348004241580784,0.0584334906624098
faithful,0.0,0.6,0,0.9924863972966976,0.9161762424505104,0.0763101548461872,0.9924863972966976,0.9161762424505104,0.0763101548461872
faithful,0.0,0.6,1,0.990999860750259,0.9054114127406798,0.0855884480095792,0.990999860750259,0.9054114127406798,0.0855884480095792
faithful,0.0,0.2,0,0.9936393717164655,0.8218599526132098,0.1717794191032557,0.9936393717164655,0.8218599526132098,0.1717794191032557
faithful,0.0,0.2,1,0.9917016024202552,0.7235415529022963,0.2681600495179589,0.9917016024202552,0.7235415529022963,0.2681600495179589
faithful,0.0,0.05,0,0.9932297306506592,0.706485274489564,0.2867444561610951,0.9932297306506592,0.706485274489564,0.2867444561610951
faithful,0.0,0.05,1,0.9891057672802008,0.8336715178698928,0.1554342494103081,0.9891057672802008,0.8336715178698928,0.1554342494103081
faithful,0.7853981633974483,1.0,0,0.9915817473913888,0.7554562360391519,0.2361255113522369,0.9915818217718212,0.9881415441897998,0.0034402775820212
faithful,0.7853981633974483,1.0,1,0.9911973250291566,0.7978258742064046,0.1933714508227519,0.9911973248333248,0.97975097559132,0.011446349242005
faithful,0.7853981633974483,0.6,0,0.991694655950015,0.7576802348801632,0.2340144210698518,0.9916946560058404,0.98817131457078,0.0035233414350603
faithful,0.7853981633974483,0.6,1,0.9913212083528664,0.941910860317592,0.0494103480352746,0.9913193817929612,0.8844348394709118,0.1068845423220494
faithful,0.7853981633974483,0.2,0,0.9915127232913764,0.7610659482655886,0.2304467750257877,0.9915127230885756,0.9873272673134574,0.0041854557751181
faithful,0.7853981633974483,0.2,1,0.9894495381033228,0.8862212087776755,0.1032283293256473,0.9894505182076476,0.9374276899459268,0.0520228282617207
faithful,0.7853981633974483,0.05,0,0.990863254077606,0.7230258018682258,0.2678374522093802,0.990863254098138,0.9902926251514668,0.0005706289466712
faithful,0.7853981633974483,0.05,1,0.9889360762233416,0.8724052729902156,0.116530803233126,0.988936076308931,0.945902205852358,0.043033870456573
mix_1000,0.0,1.0,0,0.9902671584501548,0.8106129535534794,0.1796542048966755,0.9902671584501548,0.8106129535534794,0.1796542048966755
mix_1000,0.0,1.0,1,0.9887469707693568,0.9665255188191688,0.0222214519501879,0.9887469707693568,0.9665255188191688,0.0222214519501879
mix_1000,0.0,0.6,0,0.6959969254273096,0.627039393892388,0.0689575315349215,0.6959969254273096,0.627039393892388,0.0689575315349215
mix_1000,0.0,0.6,1,0.5459724720935997,0.5192797309136479,0.0266927411799517,0.5459724720935997,0.5192797309136479,0.0266927411799517
mix_1000,0.0,0.2,0,0.85017391979023,0.77192076760891,0.07825315218132,0.85017391979023,0.77192076760891,0.07825315218132
mix_1000,0.0,0.2,1,0.4702929543078453,0.4717236027308421,-0.0014306484229967,0.4702929543078453,0.4717236027308421,-0.0014306484229967
mix_1000,0.0,0.05,0,0.6322931003708324,0.5648787961782471,0.0674143041925853,0.6322931003708324,0.5648787961782471,0.0674143041925853
mix_1000,0.0,0.05,1,0.5905604699209293,0.5616922229945575,0.0288682469263718,0.5905604699209293,0.5616922229945575,0.0288682469263718
mix_1000,0.7853981633974483,1.0,0,0.9905386092742072,0.8850523887074389,0.1054862205667683,0.990538577999177,0.9400605209822912,0.0504780570168857
mix_1000,0.7853981633974483,1.0,1,0.988513841599838,0.9117160794877358,0.0767977621121022,0.988513888262718,0.914474279855228,0.0740396084074902
mix_1000,0.7853981633974483,0.6,0,0.6287393782368768,0.7025586794742975,-0.0738193012374207,0.6287393776593969,0.5198609775296154,0.1088784001297815
mix_1000,0.7853981633974483,0.6,1,0.6440851331270869,0.4424290062869597,0.2016561268401271,0.6440851328329199,0.6414712598730297,0.0026138729598902
mix_1000,0.7853981633974483,0.2,0,0.4463230284559027,0.5119277410565906,-0.0656047126006877,0.4463230279086714,0.453895529464642,-0.0075725015559706
mix_1000,0.7853981633974483,0.2,1,0.4961163300092305,0.4994231924063823,-0.0033068623971517,0.4961163307186322,0.4733210260225231,0.0227953046961091
mix_1000,0.7853981633974483,0.05,0,0.5014503040641617,0.6472110846974866,-0.1457607806333248,0.5014503041321349,0.4628735836848791,0.0385767204472558
mix_1000,0.7853981633974483,0.05,1,0.636761678302283,0.419983818359571,0.216777859942712,0.6367616774937277,0.6373755322084087,-0.000613854714681
faithful,0.0,1.0,4,0.9932154741207831,0.9902836637131064,0.0029318104076767,0.9932154741207831,0.9902836637131064,0.0029318104076767
faithful,0.0,1.0,5,0.9946126876867531,0.8434272891470425,0.1511853985397107,0.9946126876867531,0.8434272891470425,0.1511853985397107
faithful,0.0,0.6,4,0.9943273598761398,0.9902538669007844,0.0040734929753553,0.9943273598761398,0.9902538669007844,0.0040734929753553
faithful,0.0,0.6,5,0.9920312348366056,0.9696992163462552,0.0223320184903503,0.9920312348366056,0.9696992163462552,0.0223320184903503
faithful,0.0,0.2,4,0.9933470506460992,0.8724856826687577,0.1208613679773413,0.9933470506460992,0.8724856826687577,0.1208613679773413
faithful,0.0,0.2,5,0.9920818642163356,0.9909984284455122,0.0010834357708232,0.9920818642163356,0.9909984284455122,0.0010834357708232
faithful,0.0,0.05,4,0.9932616775847064,0.8301288392370183,0.163132838347688,0.9932616775847064,0.8301288392370183,0.163132838347688
faithful,0.0,0.05,5,0.9907142174609628,0.961770640149508,0.0289435773114545,0.9907142174609628,0.961770640149508,0.0289435773114545
faithful,0.7853981633974483,1.0,4,0.9939576298823816,0.97401616876871,0.0199414611136716,0.9939573246889964,0.8282776859995455,0.1656796386894508
faithful,0.7853981633974483,1.0,5,0.9929578252924728,0.7269201403294702,0.2660376849630027,0.9929583377473404,0.9920215819233236,0.0009367558240167
faithful,0.7853981633974483,0.6,4,0.9926682397268564,0.9739297708281972,0.0187384688986593,0.9926682396207568,0.8234129601075513,0.1692552795132054
faithful,0.7853981633974483,0.6,5,0.9915801360994864,0.8745492446399121,0.1170308914595741,0.9915801361694834,0.9487189041420472,0.0428612320274363
faithful,0.7853981633974483,0.2,4,0.9901214800781708,0.9517720563234656,0.038349423754705,0.9901210188655098,0.8644367928331977,0.1256842260323121
faithful,0.7853981633974483,0.2,5,0.9884834480795022,0.975764212938076,0.012719235141426,0.988482859720899,0.8015067252562351,0.1869761344646638
faithful,0.7853981633974483,0.05,4,0.9886789835762396,0.9789883577481509,0.0096906258280888,0.9886787004215524,0.7871831204565196,0.2014955799650326
faithful,0.7853981633974483,0.05,5,0.9883631471009712,0.9841616350985184,0.0042015120024525,0.9883629290551836,0.7582373435351191,0.2301255855200646
mix_1000,0.0,1.0,4,0.9916582859066988,0.8901135932300859,0.101544692676613,0.9916582859066988,0.8901135932300859,0.101544692676613
mix_1000,0.0,1.0,5,0.991598790080738,0.960176622016986,0.031422168063752,0.991598790080738,0.960176622016986,0.031422168063752
mix_1000,0.0,0.6,4,0.5996932334963132,0.4853405913701688,0.1143526421261444,0.5996932334963132,0.4853405913701688,0.1143526421261444
mix_1000,0.0,0.6,5,0.506829875641912,0.5075235399289384,-0.0006936642870264,0.506829875641912,0.5075235399289384,-0.0006936642870264
mix_1000,0.0,0.2,4,0.4452767808562693,0.3957513393313783,0.049525441524891,0.4452767808562693,0.3957513393313783,0.049525441524891
mix_1000,0.0,0.2,5,0.501431647345559,0.4997010139809886,0.0017306333645703,0.501431647345559,0.4997010139809886,0.0017306333645703
mix_1000,0.0,0.05,4,0.5004070353656805,0.4499011905963846,0.0505058447692959,0.5004070353656805,0.4499011905963846,0.0505058447692959
mix_1000,0.0,0.05,5,0.4562751105765744,0.4522990316881528,0.0039760788884215,0.4562751105765744,0.4522990316881528,0.0039760788884215
mix_1000,0.7853981633974483,1.0,4,0.990597980116702,0.9552384791510452,0.0353595009656566,0.9905970672178576,0.8573345259388282,0.1332625412790294
mix_1000,0.7853981633974483,1.0,5,0.9913195817782812,0.9428122349688683,0.0485073468094126,0.9913191008184752,0.8825418078739671,0.1087772929445082
mix_1000,0.7853981633974483,0.6,4,0.5592011318431078,0.528141094192366,0.0310600376507418,0.559201132405421,0.5298713845139249,0.0293297478914961
mix_1000,0.7853981633974483,0.6,5,0.5025541970757091,0.4002231976403374,0.1023309994353717,0.5025541982697288,0.4982571155469377,0.0042970827227911
mix_1000,0.7853981633974483,0.2,4,0.5073790421626385,0.4269559432054366,0.0804230989572019,0.5073790431362024,0.4888079216945741,0.0185711214416283
mix_1000,0.7853981633974483,0.2,5,0.5384937822681787,0.6432974557973685,-0.1048036735291898,0.5384937818417652,0.4990690872315937,0.0394246946101714
mix_1000,0.7853981633974483,0.05,4,0.4699530945894031,0.5530115458419793,-0.0830584512525762,0.4699530944604813,0.4629310482327035,0.0070220462277778
mix_1000,0.7853981633974483,0.05,5,0.4477114719781153,0.4167857358600344,0.0309257361180808,0.4477114719003158,0.4504131309413336,-0.0027016590410177
faithful,0.0,1.0,6,0.9949466272469624,0.8041343859703228,0.1908122412766394,0.9949466272469624,0.8041343859703228,0.1908122412766394
faithful,0.0,1.0,7,0.9946717336708124,0.8277916171471793,0.1668801165236331,0.9946717336708124,0.8277916171471793,0.1668801165236331
faithful,0.0,0.6,6,0.9933098058037154,0.9836331617574546,0.0096766440462607,0.9933098058037154,0.9836331617574546,0.0096766440462607
faithful,0.0,0.6,7,0.989372845047514,0.9202700121652014,0.0691028328823126,0.989372845047514,0.9202700121652014,0.0691028328823126
faithful,0.0,0.2,6,0.9878178618785928,0.9699027201724234,0.0179151417061694,0.9878178618785928,0.9699027201724234,0.0179151417061694
faithful,0.0,0.2,7,0.9904863886563872,0.9655373369791268,0.0249490516772602,0.9904863886563872,0.9655373369791268,0.0249490516772602
faithful,0.0,0.05,6,0.9887578381998012,0.9165805925307976,0.0721772456690035,0.9887578381998012,0.9165805925307976,0.0721772456690035
faithful,0.0,0.05,7,0.5226998606545927,0.5170308069059245,0.0056690537486682,0.5226998606545927,0.5170308069059245,0.0056690537486682
faithful,0.7853981633974483,1.0,6,0.9915879335029316,0.7017205618262573,0.2898673716766743,0.991587933526584,0.991285086761312,0.0003028467652722
faithful,0.7853981633974483,1.0,7,0.991187751595172,0.8784254228038455,0.1127623287913266,0.991187740319349,0.9457522875235468,0.0454354527958023
faithful,0.7853981633974483,0.6,6,0.9917777207976568,0.860998758543887,0.1307789622537699,0.9917782757552416,0.9562372379045024,0.0355410378507393
faithful,0.7853981633974483,0.6,7,0.9927382397139248,0.9572947962380616,0.0354434434758631,0.9927382396037792,0.8624115200412994,0.1303267195624798
faithful,0.7853981633974483,0.2,6,0.990885865748156,0.7956912223409924,0.1951946434071635,0.9908858661644816,0.979667033440524,0.0112188327239575
faithful,0.7853981633974483,0.2,7,0.9900080939565736,0.9895322006685434,0.0004758932880303,0.9900078036250154,0.7112308104341067,0.2787769931909086
faithful,0.7853981633974483,0.05,6,0.9889648016739816,0.7655713899524039,0.2233934117215776,0.9889648017195958,0.983759947233225,0.0052048544863707
faithful,0.7853981633974483,0.05,7,0.9896500813755904,0.7433454847901528,0.2463045965854375,0.9896500815068716,0.9872929806861356,0.002357100820736
mix_1000,0.0,1.0,6,0.9917867340307254,0.8341574971741661,0.1576292368565592,0.9917867340307254,0.8341574971741661,0.1576292368565592
mix_1000,0.0,1.0,7,0.9908828940901904,0.7822102098703636,0.2086726842198267,0.9908828940901904,0.7822102098703636,0.2086726842198267
mix_1000,0.0,0.6,6,0.5772005577807873,0.5757038787642823,0.0014966790165049,0.5772005577807873,0.5757038787642823,0.0014966790165049
mix_1000,0.0,0.6,7,0.7063200776329595,0.6741549654334758,0.0321651121994837,0.7063200776329595,0.6741549654334758,0.0321651121994837
mix_1000,0.0,0.2,6,0.6511751096412675,0.6435023174211234,0.007672792220144,0.6511751096412675,0.6435023174211234,0.007672792220144
mix_1000,0.0,0.2,7,0.9531866370833216,0.7210123423398803,0.2321742947434412,0.9531866370833216,0.7210123423398803,0.2321742947434412
mix_1000,0.0,0.05,6,0.9416379959942032,0.9112487104957948,0.0303892854984081,0.9416379959942032,0.9112487104957948,0.0303892854984081
mix_1000,0.0,0.05,7,0.6922857952004016,0.5957967509783599,0.0964890442220416,0.6922857952004016,0.5957967509783599,0.0964890442220416
mix_1000,0.7853981633974483,1.0,6,0.9910575520129836,0.8582709738125,0.1327865782004836,0.9910575520028212,0.955388017524982,0.0356695344778389
mix_1000,0.7853981633974483,1.0,7,0.9891780830713824,0.8864628013672085,0.1027152817041739,0.9891780831964756,0.9365413465930892,0.0526367366033865
mix_1000,0.7853981633974483,0.6,6,0.5060899939703031,0.6187845908195293,-0.1126945968492262,0.5060899941734938,0.4513146338908415,0.0547753602826522
mix_1000,0.7853981633974483,0.6,7,0.9730440964216828,0.8873829838055242,0.0856611126161585,0.9730440960506522,0.7565461372318515,0.2164979588188007
mix_1000,0.7853981633974483,0.2,6,0.5118346870999871,0.6176041929459483,-0.1057695058459611,0.5118346857756406,0.4776892667273985,0.034145419048242
mix_1000,0.7853981633974483,0.2,7,0.4426231606180751,0.3679062594018679,0.0747169012162072,0.4426231604397763,0.4384488791664243,0.0041742812733519
mix_1000,0.7853981633974483,0.05,6,0.5704663127276353,0.6771357926949828,-0.1066694799673475,0.5704663132144995,0.5162531107153487,0.0542132024991507
mix_1000,0.7853981633974483,0.05,7,0.5754494862153998,0.6352932899083281,-0.0598438036929283,0.5754494856548198,0.5575057693223094,0.0179437163325103
